Date,Open,High,Low,Close,Volume,Adj Close
2016-07-26,10.13,10.20,10.13,10.20,6200,10.20
2016-07-25,10.23,10.23,10.15,10.20,22400,10.20
2016-07-22,10.24,10.27,10.23,10.25,23200,10.25
2016-07-21,10.00,10.08,9.95,10.02,7300,10.02
2016-07-20,10.04,10.08,10.01,10.02,4500,10.02
2016-07-19,10.32,10.32,10.18,10.18,1900,10.18
2016-07-18,10.34,10.35,10.31,10.34,6500,10.34
2016-07-15,10.35,10.35,10.32,10.32,5000,10.32
2016-07-14,10.25,10.32,10.24,10.31,8700,10.31
2016-07-13,10.33,10.33,10.22,10.25,3500,10.25
2016-07-12,10.36,10.36,10.26,10.28,6600,10.28
2016-07-11,10.30,10.44,10.26,10.31,37900,10.31
2016-07-08,10.43,10.48,10.43,10.48,2000,10.48
2016-07-07,10.46,10.46,10.30,10.39,17000,10.39
2016-07-06,10.34,10.45,10.34,10.45,2300,10.45
2016-07-05,10.79,10.79,10.35,10.35,2800,10.35
2016-07-01,10.55,10.82,10.55,10.82,13900,10.82
2016-06-30,10.62,10.65,10.57,10.64,15800,10.64
2016-06-29,10.57,10.57,10.49,10.49,3700,10.49
2016-06-28,9.60,10.56,9.60,10.53,16100,10.53
2016-06-27,10.35,10.35,10.20,10.29,11900,10.29
2016-06-24,10.04,10.19,10.04,10.19,1000,10.19
2016-06-23,10.19,10.29,10.11,10.29,2700,10.29
2016-06-22,10.41,10.42,10.17,10.23,6700,10.23
2016-06-21,10.32,10.40,10.28,10.38,11100,10.38
2016-06-20,10.15,10.35,10.15,10.30,10400,10.30
2016-06-17,10.04,10.11,10.04,10.11,9000,10.11
2016-06-16,10.02,10.06,9.77,10.02,20800,10.02
2016-06-15,10.11,10.14,10.03,10.03,3200,10.03
2016-06-14,10.14,10.14,10.07,10.09,2200,10.09
2016-06-13,10.30,10.30,9.93,10.19,10300,10.19
2016-06-10,10.19,10.21,10.13,10.17,14300,10.17
2016-06-09,9.92,10.28,9.92,10.22,14700,10.22
2016-06-08,9.94,9.96,9.90,9.93,32700,9.93
2016-06-07,9.81,9.95,9.79,9.95,5100,9.95
2016-06-06,9.71,9.83,9.70,9.83,10300,9.83
2016-06-03,9.72,9.75,9.68,9.68,4700,9.68
2016-06-02,9.69,9.76,9.62,9.71,31200,9.71
2016-06-01,9.60,9.63,9.53,9.62,12700,9.62
2016-05-31,9.50,9.59,9.43,9.54,43400,9.54
2016-05-27,9.33,9.42,9.33,9.38,15000,9.38
2016-05-26,9.25,9.36,9.25,9.34,29600,9.34
2016-05-25,9.18,9.30,9.16,9.30,35200,9.30
2016-05-24,9.13,9.16,9.08,9.16,35300,9.16
2016-05-23,9.16,9.18,9.16,9.18,2900,9.18
2016-05-20,9.22,9.22,9.22,9.22,100,9.22
2016-05-19,9.06,9.15,9.06,9.12,6900,9.12
2016-05-18,9.00,9.00,8.90,8.92,28000,8.92
2016-05-17,9.14,9.14,9.05,9.05,3400,9.05
2016-05-16,9.18,9.18,9.11,9.11,14200,9.11
2016-05-13,9.36,9.42,9.28,9.34,4900,9.34
2016-05-12,9.46,9.47,9.40,9.42,1400,9.42
2016-05-11,9.42,9.48,9.40,9.47,4400,9.47
2016-05-10,9.44,9.45,9.44,9.44,2500,9.44
2016-05-09,9.01,9.45,9.01,9.37,4000,9.37
2016-05-06,9.59,9.59,9.46,9.46,2300,9.46
2016-05-05,9.44,9.44,9.44,9.44,700,9.44
2016-05-04,9.49,9.58,9.49,9.54,4500,9.54
2016-05-03,9.48,9.48,9.45,9.45,2000,9.45
2016-05-02,9.45,9.55,9.42,9.46,7800,9.46
2016-04-29,9.54,9.69,9.53,9.59,11100,9.59
2016-04-28,9.55,9.63,9.49,9.51,7200,9.51
2016-04-27,9.50,9.63,9.49,9.61,15700,9.61
2016-04-26,9.53,9.54,9.48,9.54,1800,9.54
2016-04-25,9.48,9.59,9.44,9.57,27300,9.57
2016-04-22,9.48,9.69,9.48,9.58,15200,9.58
2016-04-21,9.46,9.48,9.41,9.48,5600,9.48
2016-04-20,9.37,9.49,9.31,9.38,9400,9.38
2016-04-19,9.22,9.34,9.21,9.32,6400,9.32
2016-04-18,8.98,9.03,8.98,9.02,11300,9.02
2016-04-15,8.80,8.95,8.80,8.89,37200,8.89
2016-04-14,8.89,9.02,8.87,8.94,4900,8.94
2016-04-13,9.00,9.08,8.95,9.02,23500,9.02
2016-04-12,8.80,8.99,8.80,8.98,7300,8.98
2016-04-11,8.63,8.78,8.63,8.76,1400,8.76
2016-04-08,8.89,8.93,8.88,8.89,3400,8.89
2016-04-07,8.65,8.65,8.65,8.65,000,8.65
2016-04-06,8.65,8.65,8.65,8.65,1600,8.65
2016-04-05,8.77,8.77,8.66,8.69,17200,8.69
2016-04-04,8.94,9.01,8.91,8.93,4200,8.93
2016-04-01,8.84,8.84,8.84,8.84,000,8.84
2016-03-31,8.97,8.98,8.79,8.84,22100,8.84
2016-03-30,9.10,9.27,8.96,8.97,11300,8.97
2016-03-29,8.86,9.03,8.82,9.03,4600,9.03
2016-03-28,8.61,8.88,8.61,8.86,50000,8.86
2016-03-24,8.57,8.66,8.53,8.64,8900,8.64
2016-03-23,8.74,8.74,8.50,8.50,2400,8.50
2016-03-22,8.57,8.57,8.55,8.57,1900,8.57
2016-03-21,8.70,8.72,8.51,8.54,160200,8.54
2016-03-18,8.85,8.85,8.70,8.70,47100,8.70
2016-03-17,8.74,8.89,8.59,8.85,75400,8.85
2016-03-16,8.51,8.67,8.49,8.64,20900,8.64
2016-03-15,8.70,8.71,8.58,8.63,44900,8.63
2016-03-14,8.49,8.62,8.49,8.52,4000,8.52
2016-03-11,8.54,8.62,8.47,8.52,71800,8.52
2016-03-10,8.38,8.47,8.26,8.47,11400,8.47
2016-03-09,8.07,8.27,8.07,8.26,12600,8.26
2016-03-08,8.01,8.09,8.00,8.09,12700,8.09
2016-03-07,8.02,8.19,8.00,8.09,18000,8.09
2016-03-04,7.97,8.10,7.96,8.09,60800,8.09
2016-03-03,7.95,8.08,7.94,7.99,31800,7.99
2016-03-02,8.03,8.07,8.03,8.03,5600,8.03
2016-03-01,8.08,8.20,8.04,8.13,43700,8.13
2016-02-29,7.82,8.26,7.80,7.97,9300,7.97
2016-02-26,7.97,8.05,7.81,8.05,42600,8.05
2016-02-25,8.00,8.00,7.86,7.99,19500,7.99
2016-02-24,8.05,8.16,8.04,8.16,5300,8.16
2016-02-23,8.14,8.14,8.06,8.08,57500,8.08
2016-02-22,8.20,8.25,8.19,8.25,1400,8.25
2016-02-19,8.87,8.87,8.21,8.25,77700,8.25
2016-02-18,8.47,8.55,8.43,8.43,52000,8.43
2016-02-17,8.50,8.67,8.49,8.67,26300,8.67
2016-02-16,8.60,8.60,8.48,8.55,58800,8.55
2016-02-12,8.76,8.76,8.69,8.72,6100,8.72
2016-02-11,9.00,9.00,8.77,8.81,17000,8.81
2016-02-10,8.93,8.96,8.87,8.95,104200,8.95
2016-02-09,9.11,9.14,9.08,9.08,11900,9.08
2016-02-08,9.29,9.29,9.13,9.15,20100,9.15
2016-02-05,9.00,9.09,8.97,9.02,403000,9.02
2016-02-04,8.81,8.94,8.81,8.89,18300,8.89
2016-02-03,8.92,9.06,8.91,9.06,33100,9.06
2016-02-02,8.85,9.00,8.77,9.00,71800,9.00
2016-02-01,9.19,9.27,9.19,9.24,25100,9.24
2016-01-29,9.50,9.56,9.41,9.56,230700,9.56
2016-01-28,9.18,9.42,9.16,9.42,16000,9.42
2016-01-27,9.47,9.47,9.09,9.28,84700,9.28
2016-01-26,9.41,9.41,9.27,9.36,107500,9.36
2016-01-25,9.19,9.42,9.18,9.35,30400,9.35
2016-01-22,8.94,9.77,8.94,9.40,59400,9.40
2016-01-21,9.28,9.40,9.23,9.38,9300,9.38
2016-01-20,9.21,9.29,9.12,9.29,11000,9.29
2016-01-19,9.30,9.30,9.09,9.18,4900,9.18
2016-01-15,9.23,9.23,9.17,9.18,8700,9.18
2016-01-14,9.43,9.49,9.28,9.30,16400,9.30
2016-01-13,9.58,9.63,9.58,9.62,4600,9.62
2016-01-12,9.65,9.68,9.54,9.55,7400,9.55
2016-01-11,9.95,9.98,9.81,9.85,50300,9.85
2016-01-08,9.94,10.18,9.94,10.13,27100,10.13
2016-01-07,9.69,9.96,9.60,9.88,42100,9.88
2016-01-06,9.81,9.84,9.63,9.63,1300,9.63
2016-01-05,9.56,9.72,9.54,9.68,3500,9.68
2016-01-04,9.73,9.73,9.57,9.60,7100,9.60
2015-12-31,9.73,9.82,9.63,9.70,39600,9.70
2015-12-30,9.51,9.53,9.33,9.51,11000,9.51
2015-12-29,9.87,9.92,9.70,9.71,52300,9.71
2015-12-28,9.33,9.60,9.32,9.60,22400,9.60
2015-12-24,9.09,9.14,9.03,9.07,25300,9.07
2015-12-23,8.84,9.04,8.84,9.03,10400,9.03
2015-12-22,8.90,8.99,8.86,8.89,3900,8.89
2015-12-21,8.91,9.09,8.91,9.05,13100,9.05
2015-12-18,8.84,8.86,8.80,8.81,2900,8.81
2015-12-17,8.87,8.93,8.82,8.83,23000,8.83
2015-12-16,8.61,8.92,8.53,8.84,27000,8.84
2015-12-15,8.71,8.71,8.56,8.58,28800,8.58
2015-12-14,8.87,8.87,8.78,8.85,48300,8.85
2015-12-11,9.08,9.17,9.06,9.11,13500,9.11
2015-12-10,9.25,9.42,9.18,9.18,8600,9.18
2015-12-09,9.39,9.39,9.30,9.31,3500,9.31
2015-12-08,9.25,9.34,9.16,9.34,12300,9.34
2015-12-07,9.35,9.39,9.27,9.30,17200,9.30
2015-12-04,9.57,9.58,9.56,9.57,30400,9.57
2015-12-03,9.42,9.59,9.42,9.57,7100,9.57
2015-12-02,9.58,9.62,9.50,9.54,93600,9.54
2015-12-01,9.72,9.76,9.62,9.62,6600,9.62
2015-11-30,9.65,9.73,9.65,9.68,15800,9.68
2015-11-27,9.66,9.66,9.59,9.63,5100,9.63
2015-11-25,9.82,9.99,9.78,9.84,130500,9.84
2015-11-24,9.75,9.97,9.75,9.93,22800,9.93
2015-11-23,9.81,9.98,9.77,9.93,52700,9.93
2015-11-20,9.93,9.93,9.77,9.80,23800,9.80
2015-11-19,10.32,10.38,10.07,10.07,3500,10.07
2015-11-18,10.45,10.49,10.35,10.35,15600,10.35
2015-11-17,10.36,11.65,10.36,10.49,107500,10.49
2015-11-16,10.42,10.61,10.42,10.48,23200,10.48
2015-11-13,10.42,10.54,10.38,10.51,19000,10.51
2015-11-12,10.28,10.38,10.25,10.36,7100,10.36
2015-11-11,10.35,10.38,10.24,10.24,8200,10.24
2015-11-10,10.37,10.38,10.36,10.36,8000,10.36
2015-11-09,10.11,10.23,10.11,10.23,2100,10.23
2015-11-06,10.33,10.53,10.33,10.37,15400,10.37
2015-11-05,10.27,10.47,10.27,10.45,7600,10.45
2015-11-04,10.32,10.33,10.13,10.14,4000,10.14
2015-11-03,10.26,10.26,10.19,10.23,7000,10.23
2015-11-02,10.07,10.16,10.07,10.16,13800,10.16
2015-10-30,9.92,10.30,9.90,10.27,61400,10.27
2015-10-29,10.29,10.43,9.97,10.05,48200,10.05
2015-10-28,10.20,10.21,10.05,10.15,205000,10.15
2015-10-27,10.38,10.53,10.35,10.42,62900,10.42
2015-10-26,10.52,10.52,10.28,10.38,151800,10.38
2015-10-23,10.81,10.83,10.68,10.74,47100,10.74
2015-10-22,11.00,11.01,10.92,10.92,2000,10.92
2015-10-21,11.07,11.08,11.01,11.04,7600,11.04
2015-10-20,11.23,11.23,11.23,11.23,600,11.23
2015-10-19,11.25,11.26,11.16,11.21,13100,11.21
2015-10-16,11.17,11.20,11.15,11.16,15700,11.16
2015-10-15,11.49,11.53,11.21,11.26,35400,11.26
2015-10-14,11.47,11.47,11.47,11.47,300,11.47
2015-10-13,11.48,11.48,11.34,11.35,4700,11.35
2015-10-12,11.41,11.47,11.41,11.47,1600,11.47
2015-10-09,11.35,11.35,11.33,11.33,400,11.33
2015-10-08,11.27,11.32,11.27,11.32,4300,11.32
2015-10-07,11.32,11.32,11.20,11.22,3600,11.22
2015-10-06,11.16,11.26,11.14,11.18,4100,11.18
2015-10-05,11.18,11.18,11.12,11.16,1900,11.16
2015-10-02,11.01,11.12,10.99,11.12,12900,11.12
2015-10-01,11.17,11.18,10.97,11.01,15400,11.01
2015-09-30,11.40,11.40,11.24,11.26,10100,11.26
2015-09-29,11.54,11.55,11.50,11.50,2400,11.50
2015-09-28,11.76,11.76,11.68,11.68,6500,11.68
2015-09-25,11.53,11.55,11.50,11.53,3200,11.53
2015-09-24,11.52,11.73,11.48,11.73,1600,11.73
2015-09-23,11.61,11.61,11.56,11.56,900,11.56
2015-09-22,11.57,11.60,11.54,11.54,3500,11.54
2015-09-21,11.57,11.61,11.54,11.58,17200,11.58
2015-09-18,11.76,11.77,11.69,11.69,1800,11.69
2015-09-17,11.75,11.92,11.73,11.84,2400,11.84
2015-09-16,11.92,11.92,11.88,11.88,700,11.88
2015-09-15,12.13,12.13,12.09,12.09,6600,12.09
2015-09-14,12.13,12.13,12.13,12.13,1700,12.13
2015-09-11,11.99,12.00,11.99,12.00,2100,12.00
2015-09-10,11.94,12.08,11.93,11.96,4300,11.96
2015-09-09,11.91,11.91,11.91,11.91,500,11.91
2015-09-08,11.97,12.06,11.97,12.01,5200,12.01
2015-09-04,11.90,11.90,11.90,11.90,1200,11.90
2015-09-03,11.79,12.05,11.79,12.04,26700,12.04
2015-09-02,11.84,11.84,11.72,11.75,10400,11.75
2015-09-01,11.97,11.97,11.86,11.91,2000,11.91
2015-08-31,11.90,11.94,11.85,11.92,3400,11.92
2015-08-28,12.03,12.04,12.02,12.02,3500,12.02
2015-08-27,11.89,11.95,11.89,11.92,1300,11.92
2015-08-26,11.95,11.95,11.92,11.93,8200,11.93
2015-08-25,11.84,11.93,11.81,11.93,11100,11.93
2015-08-24,11.93,11.93,11.86,11.87,11200,11.87
2015-08-21,12.12,12.13,12.03,12.03,22500,12.03
2015-08-20,12.18,12.40,12.18,12.30,206300,12.30
2015-08-19,12.31,12.31,12.22,12.22,1000,12.22
2015-08-18,12.34,12.34,12.27,12.29,7200,12.29
2015-08-17,12.44,12.44,12.39,12.42,4500,12.42
2015-08-14,12.65,12.65,12.58,12.59,1400,12.59
2015-08-13,12.91,12.95,12.64,12.64,8800,12.64
2015-08-12,12.82,12.97,12.80,12.94,217800,12.94
2015-08-11,12.65,12.71,12.57,12.71,1900,12.71
2015-08-10,12.65,12.67,12.64,12.67,2100,12.67
2015-08-07,12.54,12.60,12.46,12.55,7700,12.55
2015-08-06,12.32,12.58,12.32,12.58,1900,12.58
2015-08-05,12.58,12.58,12.56,12.56,2400,12.56
2015-08-04,12.57,12.57,12.48,12.55,4900,12.55
2015-08-03,12.42,12.43,12.36,12.43,1400,12.43
2015-07-31,12.55,12.55,12.39,12.40,5900,12.40
2015-07-30,12.60,12.61,12.60,12.61,1500,12.61
2015-07-29,12.85,12.88,12.78,12.88,20000,12.88
2015-07-28,12.70,12.80,12.70,12.76,1400,12.76
2015-07-27,12.69,12.75,12.68,12.68,28900,12.68
2015-07-24,12.65,12.67,12.60,12.64,20400,12.64
2015-07-23,13.04,13.06,12.73,12.74,6600,12.74
2015-07-22,12.91,12.91,12.91,12.91,1100,12.91
2015-07-21,12.90,13.00,12.90,13.00,2000,13.00
2015-07-20,12.68,12.68,12.68,12.68,300,12.68
2015-07-17,12.88,12.88,12.88,12.88,300,12.88
2015-07-16,12.92,12.92,12.80,12.84,2800,12.84
2015-07-15,12.95,13.01,12.95,12.98,2300,12.98
2015-07-14,12.99,12.99,12.76,12.77,15500,12.77
2015-07-13,12.86,12.94,12.86,12.90,3200,12.90
2015-07-10,12.66,12.70,12.64,12.69,1800,12.69
2015-07-09,12.37,12.51,12.35,12.51,3000,12.51
2015-07-08,12.51,12.54,12.38,12.41,9500,12.41
2015-07-07,12.48,12.51,12.40,12.51,4200,12.51
2015-07-06,12.64,12.70,12.57,12.57,103200,12.57
2015-07-02,12.80,13.03,12.80,12.89,101700,12.89
2015-07-01,12.66,12.70,12.66,12.69,18400,12.69
2015-06-30,12.60,12.80,12.60,12.78,2500,12.78
2015-06-29,12.79,12.79,12.69,12.75,2400,12.75
2015-06-26,12.76,12.81,12.73,12.73,1200,12.73
2015-06-25,12.90,12.97,12.82,12.97,3600,12.97
2015-06-24,12.73,12.78,12.73,12.78,1000,12.78
2015-06-23,12.82,12.84,12.67,12.67,2800,12.67
2015-06-22,12.67,12.68,12.62,12.66,2200,12.66
2015-06-19,12.72,12.93,12.72,12.87,6900,12.87
2015-06-18,12.95,12.99,12.80,12.83,2400,12.83
2015-06-17,13.27,13.27,13.05,13.06,1400,13.06
2015-06-16,13.07,13.10,13.07,13.08,1300,13.08
2015-06-15,13.04,13.15,13.04,13.15,3900,13.15
2015-06-12,12.88,12.94,12.74,12.74,1200,12.74
2015-06-11,13.20,13.20,12.95,12.96,28400,12.96
2015-06-10,13.05,13.19,13.00,13.19,12600,13.19
2015-06-09,12.87,13.05,12.85,13.02,20300,13.02
2015-06-08,12.37,12.60,12.37,12.54,42000,12.54
2015-06-05,12.12,12.20,12.12,12.15,10700,12.15
2015-06-04,12.19,12.36,12.08,12.29,28800,12.29
2015-06-03,12.38,12.39,12.29,12.31,19800,12.31
2015-06-02,12.25,12.52,12.16,12.52,56900,12.52
2015-06-01,12.23,12.35,12.23,12.34,2900,12.34
2015-05-29,12.40,12.40,12.22,12.29,19400,12.29
2015-05-28,12.69,12.74,12.50,12.53,16100,12.53
2015-05-27,12.90,12.92,12.86,12.90,8400,12.90
2015-05-26,12.99,12.99,12.86,12.93,24400,12.93
2015-05-22,13.19,13.22,13.16,13.16,1900,13.16
2015-05-21,13.41,13.56,13.38,13.44,46200,13.44
2015-05-20,13.50,13.50,13.21,13.33,61000,13.33
2015-05-19,13.82,13.84,13.36,13.44,294500,13.44
2015-05-18,13.68,13.68,13.52,13.56,209500,13.56
2015-05-15,13.57,13.66,13.43,13.63,26500,13.63
2015-05-14,13.32,13.64,13.27,13.56,26200,13.56
2015-05-13,13.27,13.54,13.24,13.46,49700,13.46
2015-05-12,13.28,13.43,13.26,13.31,37300,13.31
2015-05-11,13.24,13.24,13.00,13.01,7600,13.01
2015-05-08,13.23,13.26,13.10,13.18,167500,13.18
2015-05-07,12.94,12.94,12.74,12.86,17500,12.86
2015-05-06,12.97,13.04,12.92,12.92,4500,12.92
2015-05-05,13.00,13.04,12.95,12.96,3400,12.96
2015-05-04,12.90,13.05,12.83,13.05,3700,13.05
2015-05-01,12.73,12.96,12.72,12.90,82700,12.90
2015-04-30,12.24,12.80,12.22,12.69,60400,12.69
2015-04-29,12.20,12.34,12.19,12.26,59000,12.26
2015-04-28,12.08,12.13,12.04,12.08,84600,12.08
2015-04-27,11.99,12.03,11.93,12.02,38100,12.02
2015-04-24,12.30,12.30,12.17,12.24,76900,12.24
2015-04-23,12.30,12.30,12.20,12.25,7600,12.25
2015-04-22,12.45,12.50,12.45,12.47,2300,12.47
2015-04-21,12.35,12.38,12.27,12.34,26200,12.34
2015-04-20,12.21,12.25,12.15,12.20,37700,12.20
2015-04-17,12.55,12.55,12.50,12.51,1300,12.51
2015-04-16,12.34,12.65,12.24,12.63,41200,12.63
2015-04-15,12.20,12.37,12.20,12.32,11600,12.32
2015-04-14,12.22,12.22,12.11,12.13,6700,12.13
2015-04-13,12.12,12.12,11.96,12.02,10100,12.02
2015-04-10,12.24,12.24,12.09,12.10,11700,12.10
2015-04-09,12.51,12.51,12.21,12.22,11900,12.22
2015-04-08,12.59,12.59,12.47,12.56,51200,12.56
2015-04-07,12.69,12.79,12.69,12.70,38300,12.70
2015-04-06,12.63,12.69,12.62,12.64,4200,12.64
2015-04-02,12.56,12.84,12.54,12.84,18000,12.84
2015-04-01,12.50,12.51,12.45,12.47,12100,12.47
2015-03-31,12.63,12.71,12.61,12.61,15400,12.61
2015-03-30,12.65,12.71,12.58,12.62,54000,12.62
2015-03-27,12.61,12.66,12.51,12.65,35000,12.65
2015-03-26,13.00,13.00,12.72,12.75,10400,12.75
2015-03-25,13.05,13.11,12.94,13.00,28600,13.00
2015-03-24,13.24,13.27,13.16,13.17,23800,13.17
2015-03-23,12.88,13.10,12.86,13.04,32200,13.04
2015-03-20,13.43,13.50,13.06,13.13,17000,13.13
2015-03-19,13.26,13.30,13.11,13.21,12700,13.21
2015-03-18,13.02,13.57,13.02,13.48,57500,13.48
2015-03-17,13.25,13.30,13.07,13.27,103900,13.27
2015-03-16,12.83,12.84,12.76,12.84,7100,12.84
2015-03-13,12.86,12.95,12.79,12.95,2000,12.95
2015-03-12,13.26,13.28,12.97,12.98,4300,12.98
2015-03-11,13.30,13.30,13.23,13.29,3700,13.29
2015-03-10,12.90,12.99,12.90,12.94,3300,12.94
2015-03-09,12.92,13.00,12.80,12.80,9000,12.80
2015-03-06,13.30,13.44,13.30,13.38,20400,13.38
2015-03-05,13.14,13.44,13.14,13.39,12900,13.39
2015-03-04,13.10,13.15,13.04,13.12,5000,13.12
2015-03-03,12.88,12.95,12.84,12.95,5800,12.95
2015-03-02,13.03,13.05,12.88,12.88,11400,12.88
2015-02-27,13.03,13.06,12.99,13.00,15100,13.00
2015-02-26,13.30,13.32,12.85,12.85,24900,12.85
2015-02-25,13.65,13.65,13.37,13.42,8300,13.42
2015-02-24,13.59,13.73,13.59,13.72,3500,13.72
2015-02-23,13.73,13.77,13.47,13.50,3900,13.50
2015-02-20,13.85,13.92,13.66,13.79,10800,13.79
2015-02-19,13.46,13.55,13.34,13.44,6300,13.44
2015-02-18,13.34,13.51,13.25,13.41,6600,13.41
2015-02-17,13.33,13.33,13.00,13.29,5600,13.29
2015-02-13,12.95,13.40,12.95,13.33,47700,13.33
2015-02-12,13.30,13.31,13.01,13.13,13700,13.13
2015-02-11,13.58,13.58,13.23,13.41,297100,13.41
2015-02-10,13.03,13.28,12.95,13.09,158200,13.09
2015-02-09,12.71,12.85,12.63,12.79,103100,12.79
2015-02-06,12.68,12.68,12.62,12.66,4000,12.66
2015-02-05,12.68,12.71,12.52,12.59,46100,12.59
2015-02-04,13.03,13.03,12.81,12.84,6800,12.84
2015-02-03,12.83,13.17,12.79,13.11,38700,13.11
2015-02-02,12.67,12.88,12.60,12.85,17600,12.85
2015-01-30,12.92,12.98,12.76,12.84,25200,12.84
2015-01-29,13.43,13.49,12.80,13.01,23300,13.01
2015-01-28,13.48,13.53,13.32,13.49,7100,13.49
2015-01-27,13.70,13.84,13.70,13.70,5900,13.70
2015-01-26,13.61,13.71,13.45,13.55,3100,13.55
2015-01-23,13.71,13.84,13.66,13.84,17300,13.84
2015-01-22,13.60,13.60,13.25,13.50,7400,13.50
2015-01-21,13.56,13.81,13.45,13.80,5700,13.80
2015-01-20,13.67,13.67,13.34,13.56,6900,13.56
2015-01-16,13.93,14.29,13.93,14.12,3100,14.12
2015-01-15,14.59,14.80,14.11,14.34,8100,14.34
2015-01-14,14.17,14.71,14.15,14.69,20300,14.69
2015-01-13,13.35,13.71,13.35,13.71,2400,13.71
2015-01-12,13.39,13.42,13.18,13.20,97300,13.20
2015-01-09,13.67,13.86,13.67,13.76,2300,13.76
2015-01-08,13.28,13.68,13.28,13.68,3200,13.68
2015-01-07,13.86,13.87,13.30,13.48,7800,13.48
2015-01-06,13.43,13.65,13.31,13.65,22200,13.65
2015-01-05,14.21,14.27,13.47,13.67,55700,13.67
2015-01-02,13.90,14.27,13.84,13.85,27000,13.85
2014-12-31,14.08,14.15,13.70,13.81,117700,13.81
2014-12-30,14.33,14.44,14.29,14.39,51400,14.39
2014-12-29,14.43,14.64,14.35,14.58,20700,14.58
2014-12-26,14.22,14.32,14.07,14.29,9300,14.29
2014-12-24,14.52,14.52,14.19,14.29,97700,14.29
2014-12-23,14.50,14.74,14.49,14.73,33400,14.73
2014-12-22,14.86,14.86,14.54,14.70,77400,14.70
2014-12-19,15.66,15.66,15.37,15.44,44200,15.44
2014-12-18,16.209999,16.209999,15.95,15.95,14300,15.95
2014-12-17,16.219999,16.219999,15.96,16.02,3900,16.02
2014-12-16,15.82,16.059999,15.82,15.94,10700,15.94
2014-12-15,16.469999,16.530001,16.200001,16.24,6000,16.24
2014-12-12,16.299999,16.42,16.27,16.42,8700,16.42
2014-12-11,16.219999,16.35,16.049999,16.07,26300,16.07
2014-12-10,16.07,16.25,16.040001,16.23,44500,16.23
2014-12-09,15.92,16.190001,15.90,15.98,51700,15.98
2014-12-08,16.120001,16.120001,15.85,15.93,6700,15.93
2014-12-05,16.190001,16.40,16.16,16.40,15200,16.40
2014-12-04,16.219999,16.219999,15.87,15.93,11600,15.93
2014-12-03,16.450001,16.450001,16.290001,16.370001,9100,16.370001
2014-12-02,16.780001,16.82,16.610001,16.639999,4800,16.639999
2014-12-01,17.00,17.26,16.82,17.059999,23900,17.059999
2014-11-28,17.299999,17.299999,17.23,17.26,2300,17.26
2014-11-26,17.950001,17.959999,17.58,17.59,5500,17.59
2014-11-25,17.440001,17.809999,17.440001,17.809999,7000,17.809999
2014-11-24,17.299999,17.50,17.25,17.50,15900,17.50
2014-11-21,17.719999,17.74,17.559999,17.58,8600,17.58
2014-11-20,17.950001,18.00,17.719999,17.93,6900,17.93
2014-11-19,17.93,18.040001,17.879999,17.91,3500,17.91
2014-11-18,17.76,17.780001,17.48,17.75,9200,17.75
2014-11-17,17.639999,17.91,17.629999,17.790001,8600,17.790001
2014-11-14,17.18,17.23,16.969999,17.23,6500,17.23
2014-11-13,17.52,17.65,17.139999,17.17,3800,17.17
2014-11-12,17.59,17.709999,17.59,17.639999,3000,17.639999
2014-11-11,17.50,17.76,17.50,17.73,14700,17.73
2014-11-10,18.030001,18.059999,17.65,17.77,38900,17.77
2014-11-07,17.879999,18.219999,17.799999,17.99,27000,17.99
2014-11-06,17.690001,18.17,17.629999,18.129999,6600,18.129999
2014-11-05,17.799999,17.82,17.76,17.77,6800,17.77
2014-11-04,17.549999,17.860001,17.549999,17.77,20800,17.77
2014-11-03,17.379999,17.50,17.33,17.440001,11200,17.440001
2014-10-31,17.030001,17.18,16.940001,17.01,14800,17.01
2014-10-30,16.77,16.879999,16.74,16.870001,35400,16.870001
2014-10-29,16.67,16.860001,16.66,16.690001,13500,16.690001
2014-10-28,16.16,16.59,16.16,16.59,22700,16.59
2014-10-27,16.200001,16.280001,16.120001,16.209999,11500,16.209999
2014-10-24,16.299999,16.42,16.219999,16.41,18900,16.41
2014-10-23,16.50,16.59,16.370001,16.52,46900,16.52
2014-10-22,16.700001,16.700001,16.59,16.610001,3300,16.610001
2014-10-21,16.68,16.780001,16.65,16.75,4300,16.75
2014-10-20,16.790001,16.790001,16.700001,16.700001,2500,16.700001
2014-10-17,16.98,17.08,16.93,17.08,17100,17.08
2014-10-16,17.10,17.10,16.92,16.99,4700,16.99
2014-10-15,17.040001,17.09,16.92,17.09,6900,17.09
2014-10-14,17.33,17.33,17.10,17.110001,3400,17.110001
2014-10-13,17.32,17.43,17.32,17.43,3900,17.43
2014-10-10,17.290001,17.370001,17.290001,17.290001,7400,17.290001
2014-10-09,17.219999,17.50,17.18,17.290001,3600,17.290001
2014-10-08,17.459999,17.459999,17.219999,17.299999,103500,17.299999
2014-10-07,17.469999,17.549999,17.469999,17.549999,600,17.549999
2014-10-06,17.379999,17.42,17.370001,17.42,4400,17.42
2014-10-03,17.59,17.700001,17.59,17.700001,2600,17.700001
2014-10-02,17.59,17.60,17.43,17.59,5300,17.59
2014-10-01,18.27,18.27,17.690001,17.700001,13700,17.700001
2014-09-30,18.09,18.110001,18.02,18.07,4600,18.07
2014-09-29,18.00,18.10,17.969999,18.049999,4300,18.049999
2014-09-26,17.719999,17.889999,17.719999,17.889999,2600,17.889999
2014-09-25,17.49,17.85,17.48,17.84,12600,17.84
2014-09-24,17.50,17.73,17.50,17.67,7800,17.67
2014-09-23,17.629999,17.629999,17.450001,17.450001,2000,17.450001
2014-09-22,17.60,17.60,17.41,17.41,1400,17.41
2014-09-19,17.540001,17.57,17.51,17.559999,2400,17.559999
2014-09-18,18.00,18.00,17.700001,17.75,7200,17.75
2014-09-17,18.10,18.120001,18.049999,18.059999,14000,18.059999
2014-09-16,17.66,18.059999,17.66,18.040001,3200,18.040001
2014-09-15,17.74,17.82,17.74,17.82,4500,17.82
2014-09-12,17.33,17.51,17.33,17.51,11900,17.51
2014-09-11,17.65,17.67,17.370001,17.48,9100,17.48
2014-09-10,17.860001,17.870001,17.780001,17.83,7700,17.83
2014-09-09,17.91,17.93,17.83,17.870001,8700,17.870001
2014-09-08,17.379999,17.639999,17.360001,17.620001,13900,17.620001
2014-09-05,17.40,17.450001,17.26,17.370001,19900,17.370001
2014-09-04,17.530001,17.530001,17.26,17.40,9600,17.40
2014-09-03,17.530001,17.530001,17.379999,17.50,5500,17.50
2014-09-02,17.83,17.889999,17.60,17.66,9600,17.66
2014-08-29,18.059999,18.219999,18.059999,18.219999,3100,18.219999
2014-08-28,18.129999,18.32,18.129999,18.139999,5000,18.139999
2014-08-27,18.059999,18.10,17.90,18.09,8400,18.09
2014-08-26,18.040001,18.040001,17.969999,18.01,2000,18.01
2014-08-25,17.91,18.049999,17.91,18.040001,5300,18.040001
2014-08-22,17.860001,17.860001,17.75,17.75,3100,17.75
2014-08-21,17.74,17.83,17.58,17.82,6700,17.82
2014-08-20,17.540001,17.620001,17.540001,17.620001,2100,17.620001
2014-08-19,17.700001,17.75,17.700001,17.75,3300,17.75
2014-08-18,17.450001,17.559999,17.450001,17.459999,2100,17.459999
2014-08-15,17.43,17.48,17.379999,17.48,5200,17.48
2014-08-14,17.65,17.889999,17.65,17.809999,3000,17.809999
2014-08-13,17.860001,17.870001,17.57,17.639999,6000,17.639999
2014-08-12,18.110001,18.16,18.049999,18.08,1300,18.08
2014-08-11,18.139999,18.139999,17.93,18.049999,4200,18.049999
2014-08-08,17.85,18.02,17.85,18.02,5800,18.02
2014-08-07,18.08,18.129999,17.690001,17.76,13400,17.76
2014-08-06,17.870001,18.02,17.799999,18.02,4500,18.02
2014-08-05,17.77,17.84,17.77,17.790001,4200,17.790001
2014-08-04,17.459999,17.59,17.459999,17.58,2600,17.58
2014-08-01,17.360001,17.59,17.360001,17.370001,6400,17.370001
2014-07-31,17.299999,17.700001,17.299999,17.51,8700,17.51
2014-07-30,17.25,17.32,17.18,17.32,6300,17.32
2014-07-29,17.200001,17.41,17.120001,17.41,2200,17.41
2014-07-28,17.540001,17.549999,17.139999,17.24,11400,17.24
2014-07-25,17.32,17.33,17.219999,17.299999,6000,17.299999
2014-07-24,17.280001,17.610001,17.280001,17.49,7400,17.49
2014-07-23,17.35,17.40,17.25,17.290001,41100,17.290001
2014-07-22,17.42,17.469999,17.280001,17.309999,15200,17.309999
2014-07-21,17.73,17.73,17.549999,17.60,4400,17.60
2014-07-18,17.85,17.889999,17.85,17.889999,900,17.889999
2014-07-17,18.200001,18.200001,17.85,17.959999,14000,17.959999
2014-07-16,18.469999,18.469999,18.379999,18.389999,6100,18.389999
2014-07-15,18.58,18.58,18.33,18.33,3100,18.33
2014-07-14,18.52,18.60,18.48,18.59,1600,18.59
2014-07-11,18.540001,18.60,18.52,18.59,2000,18.59
2014-07-10,18.65,18.68,18.450001,18.49,11700,18.49
2014-07-09,18.709999,18.799999,18.65,18.65,8300,18.65
2014-07-08,18.66,18.66,18.549999,18.629999,4500,18.629999
2014-07-07,19.030001,19.030001,18.790001,18.860001,3900,18.860001
2014-07-03,19.34,19.34,19.25,19.25,2100,19.25
2014-07-02,19.440001,19.440001,19.219999,19.309999,4600,19.309999
2014-07-01,19.50,19.639999,19.48,19.52,4400,19.52
2014-06-30,19.34,19.58,19.34,19.58,2500,19.58
2014-06-27,19.40,19.530001,19.309999,19.530001,4900,19.530001
2014-06-26,19.940001,19.940001,19.530001,19.58,12000,19.58
2014-06-25,20.040001,20.040001,19.90,19.959999,3300,19.959999
2014-06-24,19.82,19.940001,19.82,19.93,3600,19.93
2014-06-23,19.799999,19.83,19.719999,19.719999,4100,19.719999
2014-06-20,20.08,20.08,19.93,20.07,8900,20.07
2014-06-19,20.33,20.49,20.26,20.49,3300,20.49
2014-06-18,20.67,20.67,20.389999,20.389999,5600,20.389999
2014-06-17,20.00,20.620001,20.00,20.59,2000,20.59
2014-06-16,20.68,20.76,20.48,20.58,3300,20.58
2014-06-13,20.74,20.74,20.66,20.68,1000,20.68
2014-06-12,19.969999,20.65,19.969999,20.610001,12900,20.610001
2014-06-11,19.889999,19.889999,19.889999,19.889999,200,19.889999
2014-06-10,20.049999,20.049999,19.83,19.879999,14000,19.879999
2014-06-09,20.40,20.40,20.200001,20.209999,6100,20.209999
2014-06-06,20.35,20.48,20.35,20.440001,9300,20.440001
2014-06-05,20.24,20.379999,20.00,20.299999,18500,20.299999
2014-06-04,20.049999,20.209999,20.049999,20.18,6100,20.18
2014-06-03,20.15,20.200001,20.08,20.08,1400,20.08
2014-06-02,19.82,20.08,19.82,20.07,10900,20.07
2014-05-30,19.57,19.879999,19.57,19.879999,4500,19.879999
2014-05-29,20.049999,20.049999,19.799999,19.90,8200,19.90
2014-05-28,19.82,20.01,19.799999,20.00,8200,20.00
2014-05-27,19.440001,19.620001,19.440001,19.60,3300,19.60
2014-05-23,19.27,19.35,19.26,19.35,3600,19.35
2014-05-22,19.549999,19.549999,19.16,19.200001,17400,19.200001
2014-05-21,19.82,19.84,19.629999,19.629999,8300,19.629999
2014-05-20,19.860001,19.940001,19.77,19.889999,1500,19.889999
2014-05-19,19.719999,19.860001,19.639999,19.690001,6500,19.690001
2014-05-16,19.559999,19.620001,19.49,19.49,10600,19.49
2014-05-15,19.290001,19.83,18.35,19.629999,13000,19.629999
2014-05-14,19.379999,19.43,19.27,19.379999,7600,19.379999
2014-05-13,19.48,19.48,19.27,19.34,21000,19.34
2014-05-12,19.66,19.73,19.51,19.59,25700,19.59
2014-05-09,20.01,20.01,19.870001,19.99,6900,19.99
2014-05-08,20.700001,20.700001,20.139999,20.209999,20500,20.209999
2014-05-07,20.950001,20.950001,20.75,20.82,5700,20.82
2014-05-06,21.00,21.049999,20.92,21.049999,2700,21.049999
2014-05-05,20.73,20.780001,20.68,20.690001,2700,20.690001
2014-05-02,20.84,20.84,20.66,20.68,12600,20.68
2014-05-01,21.00,21.00,20.75,20.75,3000,20.75
2014-04-30,20.99,21.15,20.950001,21.059999,5200,21.059999
2014-04-29,20.969999,21.200001,20.92,21.200001,6300,21.200001
2014-04-28,20.82,21.059999,20.82,20.92,3900,20.92
2014-04-25,20.559999,20.639999,20.530001,20.549999,5300,20.549999
2014-04-24,20.99,21.049999,20.709999,20.790001,3500,20.790001
2014-04-23,20.99,20.99,20.90,20.90,3000,20.90
2014-04-22,20.90,21.00,20.90,20.98,11000,20.98
2014-04-21,20.93,21.00,20.76,20.83,5000,20.83
2014-04-17,20.08,20.91,20.059999,20.879999,12600,20.879999
2014-04-16,20.290001,20.35,20.24,20.25,4900,20.25
2014-04-15,20.57,20.57,20.23,20.370001,16600,20.370001
2014-04-14,20.27,20.34,20.26,20.33,3000,20.33
2014-04-11,20.59,20.620001,20.51,20.51,7500,20.51
2014-04-10,20.16,20.75,20.15,20.540001,21100,20.540001
2014-04-09,20.129999,20.32,20.09,20.299999,3400,20.299999
2014-04-08,20.17,20.24,20.129999,20.18,25600,20.18
2014-04-07,20.07,20.129999,20.02,20.08,11800,20.08
2014-04-04,19.879999,19.93,19.809999,19.82,8800,19.82
2014-04-03,19.76,20.030001,19.59,19.85,17700,19.85
2014-04-02,19.450001,19.639999,19.440001,19.610001,9000,19.610001
2014-04-01,19.42,19.43,19.24,19.24,8400,19.24
2014-03-31,19.67,19.67,19.48,19.59,6700,19.59
2014-03-28,20.209999,20.209999,20.030001,20.049999,3100,20.049999
2014-03-27,19.90,20.299999,19.90,20.120001,10500,20.120001
2014-03-26,19.57,19.709999,19.549999,19.639999,12800,19.639999
2014-03-25,19.59,19.790001,19.59,19.780001,5500,19.780001
2014-03-24,19.24,19.290001,19.209999,19.290001,1100,19.290001
2014-03-21,19.370001,19.370001,19.27,19.309999,3200,19.309999
2014-03-20,19.629999,19.700001,19.440001,19.52,5000,19.52
2014-03-19,19.700001,19.91,19.700001,19.85,6800,19.85
2014-03-18,19.92,19.92,19.73,19.75,4000,19.75
2014-03-17,20.030001,20.10,19.940001,19.950001,5200,19.950001
2014-03-14,19.60,19.700001,19.530001,19.66,14000,19.66
2014-03-13,19.66,19.73,19.450001,19.51,10200,19.51
2014-03-12,19.84,20.01,19.75,19.93,7900,19.93
2014-03-11,20.280001,20.35,20.18,20.25,4700,20.25
2014-03-10,20.15,20.469999,20.15,20.35,8100,20.35
2014-03-07,20.379999,20.389999,20.280001,20.280001,8700,20.280001
2014-03-06,20.09,20.50,20.030001,20.40,12500,20.40
2014-03-05,20.209999,20.379999,19.91,20.120001,13800,20.120001
2014-03-04,20.25,20.280001,20.09,20.24,7000,20.24
2014-03-03,20.40,20.40,19.84,19.860001,18500,19.860001
2014-02-28,20.299999,20.389999,20.139999,20.190001,19600,20.190001
2014-02-27,19.90,20.09,19.84,19.879999,8200,19.879999
2014-02-26,20.08,20.219999,19.870001,19.870001,39900,19.870001
2014-02-25,20.17,20.540001,19.870001,20.23,12600,20.23
2014-02-24,21.209999,21.219999,20.10,20.48,39300,20.48
2014-02-21,20.889999,21.049999,20.59,21.040001,29500,21.040001
2014-02-20,20.76,21.10,20.639999,20.719999,31800,20.719999
2014-02-19,20.98,21.17,20.85,20.85,36300,20.85
2014-02-18,20.610001,20.75,20.559999,20.700001,76600,20.700001
2014-02-14,20.59,20.60,20.129999,20.129999,11700,20.129999
2014-02-13,20.309999,20.50,20.27,20.440001,14200,20.440001
2014-02-12,20.34,20.49,20.139999,20.23,14200,20.23
2014-02-11,19.92,20.48,19.92,20.469999,19000,20.469999
2014-02-10,20.01,20.10,19.620001,19.68,19900,19.68
2014-02-07,20.129999,20.379999,19.92,19.98,26800,19.98
2014-02-06,20.50,20.549999,20.139999,20.25,45600,20.25
2014-02-05,20.74,20.799999,20.02,20.290001,36700,20.290001
2014-02-04,20.49,20.60,20.32,20.450001,41100,20.450001
2014-02-03,19.719999,20.00,19.719999,19.98,26900,19.98
2014-01-31,19.440001,19.75,19.299999,19.67,18100,19.67
2014-01-30,19.82,19.84,19.309999,19.32,59300,19.32
2014-01-29,19.629999,20.15,19.59,19.959999,38000,19.959999
2014-01-28,19.139999,19.43,19.139999,19.360001,33800,19.360001
2014-01-27,19.450001,19.559999,19.00,19.02,28100,19.02
2014-01-24,19.33,19.57,19.190001,19.34,49900,19.34
2014-01-23,19.200001,19.25,18.75,19.07,99800,19.07
2014-01-22,18.940001,19.030001,18.90,18.99,29400,18.99
2014-01-21,18.610001,18.65,18.49,18.65,24200,18.65
2014-01-17,18.25,18.299999,18.129999,18.139999,8700,18.139999
2014-01-16,18.610001,18.629999,18.32,18.32,24000,18.32
2014-01-15,18.43,18.459999,18.190001,18.190001,8100,18.190001
2014-01-14,18.290001,18.379999,18.24,18.33,12500,18.33
2014-01-13,18.049999,18.18,17.940001,18.18,8800,18.18
2014-01-10,17.469999,17.610001,17.42,17.52,9800,17.52
2014-01-09,17.780001,17.99,17.459999,17.549999,40400,17.549999
2014-01-08,18.51,18.530001,18.08,18.08,7700,18.08
2014-01-07,18.879999,18.91,18.42,18.559999,25300,18.559999
2014-01-06,18.65,18.709999,18.48,18.59,10900,18.59
2014-01-03,18.51,18.76,18.370001,18.60,14300,18.60
2014-01-02,18.52,18.65,18.52,18.549999,100900,18.549999
2013-12-31,18.709999,18.709999,18.34,18.35,37000,18.35
2013-12-30,18.85,18.959999,18.700001,18.889999,23600,18.889999
2013-12-27,18.620001,18.82,18.60,18.60,18700,18.60
2013-12-26,18.43,18.83,18.43,18.799999,17900,18.799999
2013-12-24,18.60,18.629999,18.57,18.610001,4600,18.610001
2013-12-23,18.73,18.74,18.65,18.719999,12100,18.719999
2013-12-20,18.73,18.77,18.65,18.66,4800,18.66
2013-12-19,18.59,18.85,18.549999,18.83,18500,18.83
2013-12-18,18.559999,18.559999,18.43,18.450001,4900,18.450001
2013-12-17,18.459999,18.559999,18.40,18.50,47700,18.50
2013-12-16,18.41,18.530001,18.360001,18.50,167100,18.50
2013-12-13,18.58,18.73,18.52,18.559999,5300,18.559999
2013-12-12,18.709999,18.709999,18.440001,18.60,25700,18.60
2013-12-11,18.32,18.59,18.309999,18.59,16000,18.59
2013-12-10,18.450001,18.459999,18.27,18.41,24300,18.41
2013-12-09,18.18,18.41,18.17,18.379999,11300,18.379999
2013-12-06,18.030001,18.129999,17.959999,18.00,30400,18.00
2013-12-05,17.59,17.950001,17.59,17.92,39300,17.92
2013-12-04,17.51,17.60,17.459999,17.48,3100,17.48
2013-12-03,17.49,17.60,17.42,17.450001,6500,17.450001
2013-12-02,17.25,17.50,17.25,17.41,10800,17.41
2013-11-29,17.299999,17.42,17.27,17.27,10400,17.27
2013-11-27,17.16,17.290001,17.16,17.25,12700,17.25
2013-11-26,17.08,17.15,16.92,17.15,8900,17.15
2013-11-25,17.00,17.110001,16.93,17.049999,20500,17.049999
2013-11-22,16.879999,16.959999,16.879999,16.950001,20100,16.950001
2013-11-21,16.68,16.77,16.59,16.65,16900,16.65
2013-11-20,16.440001,16.59,16.41,16.559999,8100,16.559999
2013-11-19,16.35,16.40,16.139999,16.139999,2700,16.139999
2013-11-18,16.60,16.620001,16.379999,16.42,15800,16.42
2013-11-15,16.469999,16.52,16.440001,16.52,7200,16.52
2013-11-14,16.01,16.389999,15.98,16.360001,10400,16.360001
2013-11-13,16.379999,16.459999,16.209999,16.209999,11900,16.209999
2013-11-12,16.40,16.51,16.379999,16.51,10800,16.51
2013-11-11,16.41,16.41,16.139999,16.25,4500,16.25
2013-11-08,16.110001,16.26,16.08,16.24,3600,16.24
2013-11-07,16.35,16.35,15.98,16.040001,10600,16.040001
2013-11-06,16.00,16.129999,15.97,16.01,7800,16.01
2013-11-05,15.76,16.040001,15.76,16.02,26000,16.02
2013-11-04,15.74,15.85,15.67,15.85,52200,15.85
2013-11-01,16.32,17.00,16.059999,16.110001,16900,16.110001
2013-10-31,16.52,16.52,16.370001,16.370001,19900,16.370001
2013-10-30,16.65,16.66,16.540001,16.58,4800,16.58
2013-10-29,16.620001,16.67,16.51,16.610001,20500,16.610001
2013-10-28,17.00,17.01,16.66,16.68,20300,16.68
2013-10-25,17.10,17.23,17.09,17.219999,4800,17.219999
2013-10-24,16.799999,17.040001,16.74,17.00,8500,17.00
2013-10-23,16.93,16.99,16.889999,16.969999,5800,16.969999
2013-10-22,17.030001,17.08,16.860001,16.91,26300,16.91
2013-10-21,17.559999,17.559999,17.120001,17.209999,6700,17.209999
2013-10-18,17.440001,17.629999,17.32,17.540001,9200,17.540001
2013-10-17,17.450001,17.540001,17.43,17.540001,5500,17.540001
2013-10-16,17.809999,17.91,17.540001,17.540001,3300,17.540001
2013-10-15,17.82,17.85,17.719999,17.76,5100,17.76
2013-10-14,17.84,17.85,17.700001,17.83,11000,17.83
2013-10-11,17.68,17.75,17.639999,17.719999,4100,17.719999
2013-10-10,17.58,17.68,17.540001,17.559999,7500,17.559999
2013-10-09,17.43,17.48,17.40,17.41,11100,17.41
2013-10-08,17.41,17.51,17.389999,17.51,10000,17.51
2013-10-07,17.139999,17.32,17.10,17.17,19400,17.17
2013-10-04,16.77,16.790001,16.68,16.76,5800,16.76
2013-10-03,16.90,16.90,16.530001,16.719999,12200,16.719999
2013-10-02,17.00,17.00,16.77,16.809999,12100,16.809999
2013-10-01,17.040001,17.16,17.040001,17.110001,8400,17.110001
2013-09-30,16.99,16.99,16.82,16.91,6700,16.91
2013-09-27,16.98,17.139999,16.93,17.139999,6100,17.139999
2013-09-26,16.780001,17.07,16.65,17.07,23800,17.07
2013-09-25,16.93,16.99,16.879999,16.879999,15900,16.879999
2013-09-24,17.219999,17.219999,16.889999,16.940001,22200,16.940001
2013-09-23,16.280001,17.790001,16.280001,17.33,14500,17.33
2013-09-20,17.549999,17.65,17.530001,17.639999,3000,17.639999
2013-09-19,17.549999,17.959999,17.549999,17.639999,24300,17.639999
2013-09-18,17.549999,17.68,17.549999,17.65,33400,17.65
2013-09-17,17.719999,17.75,17.629999,17.629999,21200,17.629999
2013-09-16,17.34,17.73,17.34,17.690001,13200,17.690001
2013-09-13,17.469999,17.52,17.440001,17.48,4000,17.48
2013-09-12,17.049999,17.43,17.02,17.35,19100,17.35
2013-09-11,17.139999,17.27,16.959999,17.049999,14800,17.049999
2013-09-10,17.129999,17.139999,17.049999,17.120001,2800,17.120001
2013-09-09,17.17,17.290001,17.10,17.290001,1500,17.290001
2013-09-06,16.799999,17.139999,16.799999,16.98,3500,16.98
2013-09-05,17.52,17.540001,17.139999,17.17,15900,17.17
2013-09-04,17.309999,17.540001,17.309999,17.52,9100,17.52
2013-09-03,17.57,17.59,17.440001,17.49,16300,17.49
2013-08-30,17.309999,17.440001,17.280001,17.389999,8700,17.389999
2013-08-29,17.48,17.48,17.08,17.42,9400,17.42
2013-08-28,17.16,17.290001,17.059999,17.280001,4300,17.280001
2013-08-27,17.43,17.43,17.00,17.33,20800,17.33
2013-08-26,17.34,17.34,17.139999,17.23,3800,17.23
2013-08-23,17.24,17.25,17.120001,17.120001,6100,17.120001
2013-08-22,17.10,17.41,17.10,17.299999,12800,17.299999
2013-08-21,16.889999,17.17,16.889999,17.10,6800,17.10
2013-08-20,17.15,17.15,17.00,17.00,2500,17.00
2013-08-19,17.110001,17.15,16.99,17.01,12600,17.01
2013-08-16,16.85,16.85,16.629999,16.68,9500,16.68
2013-08-15,16.549999,16.85,16.50,16.85,21100,16.85
2013-08-14,16.540001,16.66,16.540001,16.58,10000,16.58
2013-08-13,16.32,16.459999,16.309999,16.40,11700,16.40
2013-08-12,16.50,16.60,16.43,16.43,20500,16.43
2013-08-09,16.360001,16.440001,16.110001,16.129999,20900,16.129999
2013-08-08,16.120001,16.49,15.75,16.440001,66700,16.440001
2013-08-07,16.58,17.200001,16.10,16.16,43100,16.16
2013-08-06,16.60,16.60,16.40,16.41,14300,16.41
2013-08-05,16.68,16.68,16.43,16.530001,11600,16.530001
2013-08-02,16.52,16.77,16.52,16.58,15500,16.58
2013-08-01,16.940001,16.940001,16.620001,16.76,11400,16.76
2013-07-31,16.98,16.98,16.870001,16.950001,2500,16.950001
2013-07-30,17.07,17.07,16.83,16.91,6800,16.91
2013-07-29,17.49,17.49,16.790001,16.99,14400,16.99
2013-07-26,17.450001,17.450001,17.280001,17.33,8300,17.33
2013-07-25,17.74,17.90,17.639999,17.639999,9500,17.639999
2013-07-24,18.15,18.15,17.76,17.790001,5700,17.790001
2013-07-23,17.92,17.92,17.870001,17.879999,6900,17.879999
2013-07-22,17.799999,17.799999,17.50,17.65,7100,17.65
2013-07-19,17.959999,17.969999,17.940001,17.940001,1300,17.940001
2013-07-18,17.52,18.129999,17.51,18.08,14800,18.08
2013-07-17,17.49,17.549999,17.48,17.48,900,17.48
2013-07-16,17.59,17.709999,17.59,17.66,6000,17.66
2013-07-15,17.25,17.73,17.190001,17.719999,17200,17.719999
2013-07-12,17.700001,17.700001,17.60,17.620001,1600,17.620001
2013-07-11,17.469999,17.74,17.33,17.440001,6700,17.440001
2013-07-10,17.870001,17.870001,17.59,17.629999,2400,17.629999
2013-07-09,17.610001,17.65,17.50,17.629999,1200,17.629999
2013-07-08,17.870001,18.02,17.809999,17.940001,52200,17.940001
2013-07-05,17.389999,17.450001,17.280001,17.42,4100,17.42
2013-07-03,17.299999,17.51,17.299999,17.450001,2000,17.450001
2013-07-02,17.440001,17.559999,17.440001,17.540001,10000,17.540001
2013-07-01,17.24,17.27,17.15,17.27,2400,17.27
2013-06-28,17.25,17.35,17.110001,17.26,25200,17.26
2013-06-27,17.84,17.889999,17.219999,17.32,22200,17.32
2013-06-26,17.77,17.98,17.77,17.98,2600,17.98
2013-06-25,18.00,18.00,17.67,17.76,18600,17.76
2013-06-24,18.120001,18.209999,18.02,18.030001,19600,18.030001
2013-06-21,18.219999,18.43,18.139999,18.15,22500,18.15
2013-06-20,18.65,18.66,18.459999,18.49,39000,18.49
2013-06-19,18.82,18.82,18.719999,18.799999,9700,18.799999
2013-06-18,18.65,18.719999,18.50,18.610001,19400,18.610001
2013-06-17,18.27,18.530001,18.26,18.450001,16300,18.450001
2013-06-14,18.15,18.15,18.00,18.00,900,18.00
2013-06-13,17.809999,18.299999,17.809999,18.27,18900,18.27
2013-06-12,17.91,18.16,17.91,18.08,100400,18.08
2013-06-11,18.110001,18.16,17.92,17.92,19900,17.92
2013-06-10,18.549999,18.559999,18.139999,18.24,5500,18.24
2013-06-07,18.34,18.379999,18.34,18.360001,10400,18.360001
2013-06-06,18.73,18.73,18.32,18.40,27800,18.40
2013-06-05,18.99,19.01,18.959999,18.99,18100,18.99
2013-06-04,18.93,19.040001,18.93,18.969999,4100,18.969999
2013-06-03,18.99,19.040001,18.92,18.98,6300,18.98
2013-05-31,19.059999,19.200001,18.91,18.950001,57600,18.950001
2013-05-30,19.459999,19.540001,19.110001,19.110001,20800,19.110001
2013-05-29,19.76,19.76,19.540001,19.719999,31400,19.719999
2013-05-28,19.799999,19.969999,19.76,19.90,15600,19.90
2013-05-24,19.889999,20.10,19.889999,20.08,4100,20.08
2013-05-23,19.92,20.24,19.799999,20.16,239900,20.16
2013-05-22,19.950001,19.950001,19.85,19.90,8800,19.90
2013-05-21,19.719999,20.00,19.700001,19.959999,9700,19.959999
2013-05-20,19.709999,19.77,19.50,19.59,109600,19.59
2013-05-17,18.879999,19.50,18.879999,19.42,25500,19.42
2013-05-16,19.309999,19.309999,18.85,18.969999,34000,18.969999
2013-05-15,19.33,19.42,19.299999,19.40,14700,19.40
2013-05-14,19.129999,19.18,19.059999,19.16,10700,19.16
2013-05-13,18.99,19.049999,18.84,18.84,8300,18.84
2013-05-10,19.18,19.18,18.860001,18.860001,22900,18.860001
2013-05-09,19.01,19.27,18.73,19.16,28400,19.16
2013-05-08,19.10,19.190001,19.02,19.190001,6300,19.190001
2013-05-07,19.190001,19.200001,18.969999,19.049999,78300,19.049999
2013-05-06,19.190001,19.41,19.16,19.32,17000,19.32
2013-05-03,19.25,19.450001,19.190001,19.42,15200,19.42
2013-05-02,20.389999,20.389999,19.32,19.41,95600,19.41
2013-05-01,20.75,20.92,20.440001,20.469999,35400,20.469999
2013-04-30,20.66,20.73,20.459999,20.530001,12900,20.530001
2013-04-29,20.25,20.700001,20.25,20.68,19000,20.68
2013-04-26,19.940001,20.10,19.50,20.059999,18700,20.059999
2013-04-25,19.809999,20.110001,19.73,19.84,25000,19.84
2013-04-24,20.23,20.23,19.860001,19.870001,18100,19.870001
2013-04-23,20.200001,20.42,20.08,20.120001,9900,20.120001
2013-04-22,20.209999,20.40,20.139999,20.200001,24000,20.200001
2013-04-19,20.549999,20.790001,20.549999,20.75,17300,20.75
2013-04-18,19.92,20.77,19.889999,20.719999,80800,20.719999
2013-04-17,19.90,20.049999,19.799999,20.01,10100,20.01
2013-04-16,19.610001,19.879999,19.48,19.860001,47000,19.860001
2013-04-15,20.049999,20.129999,19.65,19.700001,85200,19.700001
2013-04-12,19.93,20.17,19.92,20.139999,32300,20.139999
2013-04-11,19.540001,19.85,19.34,19.75,19200,19.75
2013-04-10,19.42,19.709999,19.42,19.459999,15000,19.459999
2013-04-09,19.27,19.33,19.120001,19.219999,7200,19.219999
2013-04-08,19.50,19.77,19.290001,19.42,35000,19.42
2013-04-05,19.309999,19.620001,19.24,19.60,40800,19.60
2013-04-04,18.92,19.00,18.66,18.940001,61800,18.940001
2013-04-03,19.040001,19.10,18.790001,18.83,48600,18.83
2013-04-02,19.08,19.16,18.98,19.09,40400,19.09
2013-04-01,19.059999,19.35,19.059999,19.32,34100,19.32
2013-03-28,19.280001,19.50,19.15,19.16,24300,19.16
2013-03-27,19.280001,19.48,19.23,19.42,127100,19.42
2013-03-26,18.76,19.129999,18.75,19.10,41300,19.10
2013-03-25,19.129999,19.16,18.700001,18.75,16400,18.75
2013-03-22,19.200001,19.200001,18.92,18.969999,37900,18.969999
2013-03-21,19.02,19.25,18.809999,18.91,31500,18.91
2013-03-20,18.950001,19.02,18.860001,18.950001,15500,18.950001
2013-03-19,18.83,19.10,18.83,19.040001,69100,19.040001
2013-03-18,18.99,19.09,18.67,18.73,48800,18.73
2013-03-15,18.74,18.879999,18.60,18.65,51300,18.65
2013-03-14,18.24,18.60,18.24,18.549999,152300,18.549999
2013-03-13,18.10,18.17,18.049999,18.08,42900,18.08
2013-03-12,18.030001,18.10,17.92,17.92,51800,17.92
2013-03-11,17.90,18.030001,17.90,18.030001,5900,18.030001
2013-03-08,17.76,17.99,17.76,17.99,26500,17.99
2013-03-07,17.50,17.879999,17.50,17.77,48900,17.77
2013-03-06,17.60,17.65,17.41,17.469999,19100,17.469999
2013-03-05,17.76,17.85,17.58,17.58,52600,17.58
2013-03-04,17.51,17.65,17.469999,17.620001,11800,17.620001
2013-03-01,17.459999,17.59,17.34,17.41,21300,17.41
2013-02-28,17.26,17.540001,17.200001,17.450001,10400,17.450001
2013-02-27,17.459999,17.709999,17.200001,17.200001,121800,17.200001
2013-02-26,17.309999,17.389999,17.209999,17.25,11500,17.25
2013-02-25,17.280001,17.41,17.23,17.370001,26500,17.370001
2013-02-22,16.74,16.93,16.690001,16.870001,20000,16.870001
2013-02-21,16.879999,16.950001,16.68,16.700001,11500,16.700001
2013-02-20,16.860001,16.91,16.82,16.82,18200,16.82
2013-02-19,16.73,16.879999,16.700001,16.85,12700,16.85
2013-02-15,16.58,16.59,16.43,16.48,9900,16.48
2013-02-14,16.940001,17.00,16.459999,16.540001,27000,16.540001
2013-02-13,16.90,17.139999,16.90,17.030001,6600,17.030001
2013-02-12,17.049999,17.049999,16.809999,16.860001,45700,16.860001
2013-02-11,16.790001,17.09,16.780001,17.08,54700,17.08
2013-02-08,17.17,17.24,16.959999,16.959999,50900,16.959999
2013-02-07,17.60,17.60,17.10,17.10,11900,17.10
2013-02-06,17.65,17.690001,17.58,17.60,5900,17.60
2013-02-05,17.26,17.60,17.190001,17.559999,14000,17.559999
2013-02-04,17.120001,17.290001,17.120001,17.190001,3200,17.190001
2013-02-01,17.299999,17.40,17.00,17.10,12500,17.10
2013-01-31,17.129999,17.43,16.85,17.209999,78600,17.209999
2013-01-30,17.059999,17.27,17.00,17.23,29900,17.23
2013-01-29,16.940001,16.99,16.879999,16.93,22700,16.93
2013-01-28,17.18,17.27,17.08,17.08,25100,17.08
2013-01-25,17.75,17.83,17.639999,17.76,7500,17.76
2013-01-24,18.07,18.10,17.719999,17.719999,15600,17.719999
2013-01-23,17.950001,18.08,17.889999,18.040001,90200,18.040001
2013-01-22,18.01,18.16,17.809999,18.059999,102200,18.059999
2013-01-18,17.790001,18.030001,17.74,18.02,21900,18.02
2013-01-17,17.43,17.85,16.92,17.68,39600,17.68
2013-01-16,17.700001,17.700001,17.309999,17.50,13700,17.50
2013-01-15,17.76,17.77,17.450001,17.700001,10700,17.700001
2013-01-14,17.860001,17.860001,17.370001,17.559999,44500,17.559999
2013-01-11,17.299999,17.98,17.219999,17.799999,95000,17.799999
2013-01-10,16.35,17.18,16.35,16.969999,43100,16.969999
2013-01-09,16.43,16.50,16.18,16.360001,188200,16.360001
2013-01-08,16.75,16.93,16.65,16.780001,108200,16.780001
2013-01-07,17.209999,17.219999,16.799999,16.92,39900,16.92
2013-01-04,16.84,17.030001,16.780001,16.98,11400,16.98
2013-01-03,16.76,16.76,16.51,16.60,12000,16.60
2013-01-02,17.01,17.01,16.60,16.82,63600,16.82
2012-12-31,17.43,17.469999,17.200001,17.24,46200,17.24
2012-12-28,17.700001,17.74,17.65,17.68,17300,17.68
2012-12-27,17.280001,17.48,17.24,17.43,7800,17.43
2012-12-26,17.57,17.57,17.48,17.50,9900,17.50
2012-12-24,17.940001,17.940001,17.370001,17.379999,8400,17.379999
2012-12-21,17.65,17.83,17.629999,17.77,19100,17.77
2012-12-20,17.469999,17.809999,17.459999,17.74,12700,17.74
2012-12-19,17.40,17.40,17.08,17.27,25300,17.27
2012-12-18,17.50,17.690001,17.379999,17.51,17100,17.51
2012-12-17,17.290001,17.42,17.17,17.34,16800,17.34
2012-12-14,17.08,17.24,17.02,17.15,17700,17.15
2012-12-13,17.15,17.309999,17.030001,17.26,40600,17.26
2012-12-12,17.389999,17.52,17.25,17.42,16400,17.42
2012-12-11,17.58,17.67,17.379999,17.440001,15500,17.440001
2012-12-10,17.66,17.690001,17.450001,17.629999,45500,17.629999
2012-12-07,18.549999,18.559999,18.01,18.049999,19000,18.049999
2012-12-06,18.530001,18.73,18.299999,18.34,45300,18.34
2012-12-05,18.209999,18.620001,18.129999,18.49,12000,18.49
2012-12-04,17.959999,18.110001,17.870001,17.91,14100,17.91
2012-12-03,18.040001,18.209999,18.00,18.00,8500,18.00
2012-11-30,18.299999,18.40,17.860001,18.02,31500,18.02
2012-11-29,18.67,18.690001,18.25,18.290001,33400,18.290001
2012-11-28,19.23,19.23,18.77,18.969999,87700,18.969999
2012-11-27,19.219999,19.33,19.219999,19.280001,3900,19.280001
2012-11-26,19.299999,19.35,19.15,19.35,23600,19.35
2012-11-23,19.82,19.889999,19.780001,19.879999,8200,19.879999
2012-11-21,19.42,19.860001,19.379999,19.84,78000,19.84
2012-11-20,19.190001,19.52,19.190001,19.50,5900,19.50
2012-11-19,19.23,19.35,19.049999,19.110001,25800,19.110001
2012-11-16,19.08,19.309999,19.030001,19.309999,40400,19.309999
2012-11-15,19.24,19.41,18.91,18.969999,67600,18.969999
2012-11-14,19.200001,19.469999,19.190001,19.190001,19800,19.190001
2012-11-13,18.90,19.18,18.90,19.16,24300,19.16
2012-11-12,18.42,18.530001,18.16,18.469999,11300,18.469999
2012-11-09,18.370001,18.379999,18.07,18.18,54200,18.18
2012-11-08,18.299999,18.629999,18.26,18.58,22700,18.58
2012-11-07,18.42,18.540001,18.42,18.49,36900,18.49
2012-11-06,18.379999,18.66,18.360001,18.610001,11700,18.610001
2012-11-05,18.18,18.469999,18.18,18.35,24400,18.35
2012-11-02,18.639999,18.68,18.25,18.290001,39100,18.290001
2012-11-01,19.17,19.17,18.559999,18.84,17500,18.84
2012-10-31,19.01,19.23,18.67,19.00,18500,19.00
2012-10-26,19.18,19.219999,19.00,19.110001,32400,19.110001
2012-10-25,19.26,19.450001,19.01,19.309999,16100,19.309999
2012-10-24,19.57,19.57,19.129999,19.219999,38900,19.219999
2012-10-23,19.379999,19.66,19.379999,19.549999,179700,19.549999
2012-10-22,19.68,19.889999,19.24,19.24,42700,19.24
2012-10-19,19.82,20.00,19.790001,19.799999,38300,19.799999
2012-10-18,19.379999,19.809999,19.33,19.719999,99000,19.719999
2012-10-17,19.43,19.51,19.379999,19.469999,19500,19.469999
2012-10-16,19.25,19.290001,19.08,19.27,42300,19.27
2012-10-15,19.200001,19.25,19.059999,19.24,31800,19.24
2012-10-12,19.639999,19.639999,19.42,19.57,280300,19.57
2012-10-11,19.469999,19.91,19.41,19.85,128100,19.85
2012-10-10,19.41,19.540001,19.25,19.370001,22900,19.370001
2012-10-09,19.049999,19.50,18.90,19.42,29100,19.42
2012-10-08,19.01,19.15,18.84,19.110001,20900,19.110001
2012-10-05,19.08,19.08,18.780001,18.90,56000,18.90
2012-10-04,18.950001,19.110001,18.799999,18.940001,34000,18.940001
2012-10-03,19.00,19.00,18.59,18.879999,50500,18.879999
2012-10-02,19.049999,19.299999,18.84,19.17,45500,19.17
2012-10-01,18.98,19.24,18.66,19.17,114100,19.17
2012-09-28,18.52,18.700001,18.41,18.68,16800,18.68
2012-09-27,18.299999,18.51,18.18,18.450001,24100,18.450001
2012-09-26,17.870001,18.190001,17.870001,18.08,72100,18.08
2012-09-25,17.639999,17.790001,17.629999,17.77,47500,17.77
2012-09-24,17.379999,17.620001,17.32,17.57,79200,17.57
2012-09-21,17.27,17.639999,17.27,17.549999,44700,17.549999
2012-09-20,17.15,17.200001,17.120001,17.190001,9600,17.190001
2012-09-19,17.25,17.290001,17.059999,17.17,196200,17.17
2012-09-18,17.360001,17.370001,17.040001,17.08,31100,17.08
2012-09-17,17.190001,17.27,17.16,17.209999,95100,17.209999
2012-09-14,17.360001,17.52,17.24,17.42,36400,17.42
2012-09-13,17.58,17.639999,17.02,17.610001,33100,17.610001
2012-09-12,17.32,17.790001,17.299999,17.76,83400,17.76
2012-09-11,17.200001,17.41,17.110001,17.360001,39500,17.360001
2012-09-10,16.35,16.799999,16.34,16.799999,38600,16.799999
2012-09-07,16.219999,16.620001,16.17,16.27,30700,16.27
2012-09-06,16.540001,16.790001,16.52,16.530001,12700,16.530001
2012-09-05,16.73,16.76,16.639999,16.719999,14800,16.719999
2012-09-04,16.879999,17.01,16.879999,16.879999,16600,16.879999
2012-08-31,16.549999,16.84,16.540001,16.780001,8200,16.780001
2012-08-30,16.450001,16.67,16.309999,16.66,7900,16.66
2012-08-29,16.110001,16.40,16.10,16.40,65300,16.40
2012-08-28,16.389999,16.389999,16.07,16.07,253700,16.07
2012-08-27,16.77,16.77,16.40,16.42,78900,16.42
2012-08-24,17.07,17.17,16.700001,16.73,220200,16.73
2012-08-23,17.030001,17.209999,16.620001,17.17,88600,17.17
2012-08-22,17.08,17.24,16.959999,17.219999,61600,17.219999
2012-08-21,17.120001,17.17,16.629999,17.07,38900,17.07
2012-08-20,16.91,17.08,16.780001,17.059999,40900,17.059999
2012-08-17,16.83,16.92,16.76,16.92,38000,16.92
2012-08-16,17.00,17.209999,16.77,16.82,30300,16.82
2012-08-15,17.110001,17.129999,16.940001,17.059999,14900,17.059999
2012-08-14,17.059999,17.360001,17.02,17.33,30300,17.33
2012-08-13,17.120001,17.129999,17.00,17.049999,12000,17.049999
2012-08-10,17.40,17.41,17.17,17.25,18100,17.25
2012-08-09,17.690001,18.379999,17.67,17.67,39600,17.67
2012-08-08,17.620001,17.870001,17.610001,17.84,10300,17.84
2012-08-07,17.42,17.76,17.42,17.709999,9700,17.709999
2012-08-06,17.040001,17.360001,16.90,17.360001,77200,17.360001
2012-08-03,17.15,17.379999,17.07,17.16,26500,17.16
2012-08-02,17.99,18.00,17.09,17.280001,34700,17.280001
2012-08-01,18.40,18.559999,18.16,18.27,57400,18.27
2012-07-31,18.549999,18.790001,18.309999,18.58,45500,18.58
2012-07-30,18.370001,18.67,18.370001,18.60,33400,18.60
2012-07-27,18.01,18.059999,17.85,18.030001,23300,18.030001
2012-07-26,18.030001,18.200001,17.809999,18.200001,11100,18.200001
2012-07-25,18.16,18.17,17.84,17.99,38600,17.99
2012-07-24,18.00,18.24,17.92,18.200001,50500,18.200001
2012-07-23,17.75,18.00,17.73,17.889999,25300,17.889999
2012-07-20,17.790001,17.92,17.65,17.92,51300,17.92
2012-07-19,17.66,17.75,17.549999,17.690001,47900,17.690001
2012-07-18,17.40,17.73,17.379999,17.68,77300,17.68
2012-07-17,17.17,17.35,17.17,17.209999,17800,17.209999
2012-07-16,17.530001,17.58,17.23,17.27,24100,17.27
2012-07-13,17.450001,17.74,17.42,17.60,5400,17.60
2012-07-12,17.35,17.73,16.969999,17.530001,54300,17.530001
2012-07-11,17.25,17.50,17.190001,17.450001,19500,17.450001
2012-07-10,17.299999,17.40,17.049999,17.07,37500,17.07
2012-07-09,17.530001,17.60,17.379999,17.59,11700,17.59
2012-07-06,17.84,18.15,17.07,17.139999,37400,17.139999
2012-07-05,17.610001,17.889999,17.50,17.809999,30600,17.809999
2012-07-03,17.559999,17.639999,17.51,17.57,14900,17.57
2012-07-02,17.379999,17.50,17.10,17.450001,20900,17.450001
2012-06-29,17.27,17.48,16.959999,17.440001,153300,17.440001
2012-06-28,17.370001,17.370001,16.84,17.18,59400,17.18
2012-06-27,17.719999,17.780001,17.219999,17.26,117600,17.26
2012-06-26,17.17,17.42,17.01,17.42,40600,17.42
2012-06-25,17.200001,17.24,17.00,17.01,23500,17.01
2012-06-22,16.719999,16.969999,16.719999,16.93,34200,16.93
2012-06-21,16.629999,16.940001,16.530001,16.73,29700,16.73
2012-06-20,16.870001,16.870001,16.48,16.620001,181500,16.620001
2012-06-19,16.620001,16.719999,16.440001,16.610001,40900,16.610001
2012-06-18,16.540001,16.92,16.450001,16.870001,19200,16.870001
2012-06-15,16.280001,16.459999,16.26,16.379999,11900,16.379999
2012-06-14,15.68,16.540001,15.48,16.540001,72200,16.540001
2012-06-13,15.50,15.58,15.42,15.48,15900,15.48
2012-06-12,15.64,15.74,15.55,15.55,8300,15.55
2012-06-11,15.96,15.96,15.55,15.60,20700,15.60
2012-06-08,15.90,16.040001,15.90,16.00,16400,16.00
2012-06-07,16.299999,16.299999,15.80,15.88,23500,15.88
2012-06-06,16.299999,16.59,16.26,16.34,19400,16.34
2012-06-05,16.549999,16.549999,16.33,16.33,28300,16.33
2012-06-04,16.209999,16.40,16.110001,16.360001,36800,16.360001
2012-06-01,16.059999,16.110001,15.94,15.98,18600,15.98
2012-05-31,16.209999,16.709999,16.09,16.309999,17400,16.309999
2012-05-30,16.33,16.34,16.10,16.219999,20900,16.219999
2012-05-29,16.90,17.01,16.370001,16.51,108900,16.51
2012-05-25,17.42,17.42,16.879999,17.08,56700,17.08
2012-05-24,17.860001,17.860001,17.17,17.360001,48500,17.360001
2012-05-23,17.49,17.799999,17.48,17.700001,25000,17.700001
2012-05-22,17.35,17.93,17.35,17.700001,28400,17.700001
2012-05-21,18.00,18.00,17.41,17.48,35000,17.48
2012-05-18,17.700001,18.18,17.700001,17.98,128500,17.98
2012-05-17,17.709999,17.85,17.190001,17.82,191600,17.82
2012-05-16,17.540001,17.799999,17.48,17.77,93200,17.77
2012-05-15,17.09,17.32,17.08,17.32,61000,17.32
2012-05-14,17.33,17.33,16.889999,16.91,27700,16.91
2012-05-11,17.49,17.49,17.190001,17.33,73000,17.33
2012-05-10,17.26,17.52,17.08,17.35,78200,17.35
2012-05-09,17.110001,17.43,17.049999,17.15,60600,17.15
2012-05-08,16.74,17.219999,16.370001,17.110001,112100,17.110001
2012-05-07,16.59,16.690001,16.559999,16.66,45000,16.66
2012-05-04,16.610001,16.610001,16.309999,16.440001,49600,16.440001
2012-05-03,16.51,16.77,16.459999,16.65,73000,16.65
2012-05-02,16.52,16.57,16.209999,16.25,76000,16.25
2012-05-01,16.52,16.74,16.379999,16.68,111200,16.68
2012-04-30,15.95,16.450001,15.77,16.40,50000,16.40
2012-04-27,15.85,16.00,15.69,15.99,53000,15.99
2012-04-26,15.93,16.219999,15.62,15.67,81200,15.67
2012-04-25,15.30,15.79,15.30,15.74,96100,15.74
2012-04-24,15.26,15.38,15.20,15.24,14100,15.24
2012-04-23,14.95,15.28,14.91,15.26,43000,15.26
2012-04-20,15.17,15.17,14.92,14.97,46900,14.97
2012-04-19,15.16,15.29,14.92,14.98,129400,14.98
2012-04-18,15.31,15.40,15.21,15.24,33000,15.24
2012-04-17,15.52,15.65,15.30,15.36,51700,15.36
2012-04-16,15.68,15.68,15.51,15.63,18700,15.63
2012-04-13,15.65,15.65,15.54,15.63,38200,15.63
2012-04-12,15.73,15.98,15.60,15.66,120100,15.66
2012-04-11,16.040001,16.07,15.75,15.75,27600,15.75
2012-04-10,16.25,16.25,15.93,15.96,51400,15.96
2012-04-09,16.25,16.389999,16.200001,16.32,51100,16.32
2012-04-05,16.50,16.52,16.15,16.219999,34400,16.219999
2012-04-04,16.74,16.76,16.49,16.530001,10800,16.530001
2012-04-03,16.67,16.879999,16.67,16.74,14700,16.74
2012-04-02,16.370001,16.73,16.370001,16.68,28700,16.68
2012-03-30,16.41,16.52,16.280001,16.280001,24200,16.280001
2012-03-29,16.75,16.75,16.200001,16.25,177300,16.25
2012-03-28,16.91,17.10,16.780001,16.940001,65300,16.940001
2012-03-27,17.00,17.049999,16.889999,16.98,23300,16.98
2012-03-26,17.01,17.219999,17.01,17.059999,30800,17.059999
2012-03-23,17.43,17.559999,17.25,17.290001,38200,17.290001
2012-03-22,17.40,17.459999,17.24,17.26,33100,17.26
2012-03-21,17.42,17.629999,17.309999,17.58,13600,17.58
2012-03-20,17.629999,17.74,17.48,17.540001,21900,17.540001
2012-03-19,17.57,17.91,17.50,17.790001,102600,17.790001
2012-03-16,17.50,17.700001,17.50,17.66,79000,17.66
2012-03-15,17.32,17.68,17.32,17.43,54900,17.43
2012-03-14,17.43,17.620001,17.33,17.48,110100,17.48
2012-03-13,16.85,17.469999,16.709999,17.450001,52400,17.450001
2012-03-12,17.379999,17.379999,16.799999,16.99,22200,16.99
2012-03-09,17.00,17.299999,16.84,17.219999,28700,17.219999
2012-03-08,16.870001,17.040001,16.620001,17.01,81800,17.01
2012-03-07,17.10,17.10,16.82,16.93,88100,16.93
2012-03-06,17.450001,17.540001,17.209999,17.23,112600,17.23
2012-03-05,17.98,17.98,17.25,17.41,195900,17.41
2012-03-02,17.950001,18.15,17.90,18.02,69000,18.02
2012-03-01,18.299999,18.299999,17.83,17.969999,88000,17.969999
2012-02-29,18.200001,18.58,18.00,18.469999,52600,18.469999
2012-02-28,18.34,18.34,18.139999,18.219999,91200,18.219999
2012-02-27,19.42,19.42,18.690001,18.74,123000,18.74
2012-02-24,19.52,19.52,19.219999,19.309999,159100,19.309999
2012-02-23,20.02,20.26,19.40,19.67,435000,19.67
2012-02-22,19.59,19.959999,19.360001,19.860001,79200,19.860001
2012-02-21,19.58,19.719999,19.309999,19.719999,30700,19.719999
2012-02-17,19.66,20.00,19.549999,19.879999,19900,19.879999
2012-02-16,19.049999,19.50,19.049999,19.33,52400,19.33
2012-02-15,19.120001,19.16,18.860001,19.10,18000,19.10
2012-02-14,19.10,19.51,19.10,19.49,13400,19.49
2012-02-13,18.90,19.17,18.90,19.049999,19000,19.049999
2012-02-10,19.00,19.32,18.950001,19.26,3400,19.26
2012-02-09,19.07,19.52,18.50,18.99,38800,18.99
2012-02-08,18.799999,18.799999,18.620001,18.74,21400,18.74
2012-02-07,19.73,19.73,18.889999,18.93,25800,18.93
2012-02-06,19.469999,19.77,19.24,19.709999,22000,19.709999
2012-02-03,19.01,19.389999,18.82,19.290001,64500,19.290001
2012-02-02,18.27,19.290001,18.25,19.18,23900,19.18
2012-02-01,18.639999,18.639999,18.00,18.15,40800,18.15
2012-01-31,18.889999,18.889999,18.459999,18.51,56900,18.51
2012-01-30,19.879999,20.08,19.379999,19.379999,26000,19.379999
2012-01-27,19.120001,20.00,19.10,19.91,37300,19.91
2012-01-26,19.639999,19.93,19.00,19.27,35500,19.27
2012-01-25,19.58,20.08,19.58,20.00,32500,20.00
2012-01-24,19.77,19.959999,19.18,19.360001,26900,19.360001
2012-01-23,18.43,19.290001,18.40,19.23,45300,19.23
2012-01-20,17.58,18.049999,17.50,17.93,45500,17.93
2012-01-19,18.00,18.01,17.43,17.57,75300,17.57
2012-01-18,18.549999,18.639999,18.15,18.379999,30000,18.379999
2012-01-17,18.73,18.76,18.190001,18.379999,67700,18.379999
2012-01-13,19.549999,19.66,19.209999,19.209999,22900,19.209999
2012-01-12,19.67,19.780001,19.42,19.76,23100,19.76
2012-01-11,20.50,20.50,19.809999,20.059999,26000,20.059999
2012-01-10,21.25,21.25,20.75,20.91,29600,20.91
2012-01-09,21.389999,21.389999,21.219999,21.379999,6500,21.379999
2012-01-06,21.25,21.690001,21.24,21.690001,101600,21.690001
2012-01-05,21.450001,21.469999,21.00,21.110001,31100,21.110001
2012-01-04,21.360001,21.91,21.360001,21.860001,23300,21.860001
2012-01-03,21.209999,21.299999,20.950001,21.23,23200,21.23
2011-12-30,21.360001,21.43,21.120001,21.120001,28900,21.120001
2011-12-29,22.120001,22.120001,21.379999,21.469999,53500,21.469999
2011-12-28,21.93,22.35,21.93,22.02,31800,22.02
2011-12-27,22.190001,22.450001,22.110001,22.120001,8700,22.120001
2011-12-23,22.40,22.40,22.17,22.17,6400,22.17
2011-12-22,22.84,22.870001,22.200001,22.530001,16200,22.530001
2011-12-21,22.190001,22.73,22.190001,22.540001,9300,22.540001
2011-12-20,22.200001,22.450001,22.08,22.360001,12900,22.360001
2011-12-19,22.00,22.16,21.90,22.16,28600,22.16
2011-12-16,22.209999,22.43,22.08,22.309999,9800,22.309999
2011-12-15,22.290001,22.52,22.25,22.299999,6500,22.299999
2011-12-14,22.59,22.620001,22.280001,22.43,9100,22.43
2011-12-13,22.83,23.129999,22.799999,23.129999,27100,23.129999
2011-12-12,22.83,22.940001,22.75,22.83,13500,22.83
2011-12-09,23.75,23.75,23.25,23.35,17000,23.35
2011-12-08,24.10,24.50,23.969999,24.049999,13500,24.049999
2011-12-07,24.110001,24.110001,23.93,23.950001,7000,23.950001
2011-12-06,24.02,24.41,24.02,24.41,4900,24.41
2011-12-05,24.450001,24.52,24.129999,24.219999,8900,24.219999
2011-12-02,25.059999,25.059999,24.90,24.91,700,24.91
2011-12-01,24.719999,25.459999,24.700001,25.23,16000,25.23
2011-11-30,24.559999,25.040001,24.559999,24.610001,11400,24.610001
2011-11-29,24.940001,25.110001,24.82,24.92,4700,24.92
2011-11-28,24.860001,24.940001,24.549999,24.620001,7100,24.620001
2011-11-25,25.00,25.309999,25.00,25.120001,5600,25.120001
2011-11-23,24.33,24.99,24.190001,24.99,10800,24.99
2011-11-22,24.74,24.74,24.42,24.59,5200,24.59
2011-11-21,24.040001,24.68,24.030001,24.68,4500,24.68
2011-11-18,24.50,24.50,24.00,24.15,4300,24.15
2011-11-17,24.18,24.67,24.129999,24.450001,10800,24.450001
2011-11-16,24.440001,24.459999,24.00,24.08,8800,24.08
2011-11-15,24.65,24.700001,24.35,24.35,5600,24.35
2011-11-14,24.85,24.940001,24.50,24.700001,5000,24.700001
2011-11-11,25.17,25.35,25.15,25.17,12000,25.17
2011-11-10,25.60,25.67,25.35,25.48,5700,25.48
2011-11-09,25.67,25.77,25.52,25.559999,5600,25.559999
2011-11-08,25.85,26.23,25.690001,26.23,4300,26.23
2011-11-07,26.25,26.299999,25.83,25.870001,11200,25.870001
2011-11-04,26.58,26.58,26.43,26.50,1500,26.50
2011-11-03,26.48,26.92,26.40,26.49,19100,26.49
2011-11-02,26.40,26.58,26.360001,26.440001,7500,26.440001
2011-11-01,26.620001,26.68,26.59,26.66,3700,26.66
2011-10-31,27.129999,27.48,27.129999,27.48,3700,27.48
2011-10-28,27.139999,27.43,27.00,27.379999,33300,27.379999
2011-10-27,26.549999,26.83,26.35,26.59,35100,26.59
2011-10-26,26.74,26.860001,26.50,26.58,9600,26.58
2011-10-25,26.940001,26.940001,26.74,26.83,9900,26.83
2011-10-24,26.719999,26.780001,26.48,26.48,4300,26.48
2011-10-21,26.40,26.75,26.40,26.73,23800,26.73
2011-10-20,26.700001,26.91,26.65,26.790001,5900,26.790001
2011-10-19,26.799999,26.90,26.799999,26.879999,2400,26.879999
2011-10-18,27.049999,27.049999,26.629999,26.700001,8100,26.700001
2011-10-17,27.360001,27.360001,27.129999,27.299999,3600,27.299999
2011-10-14,27.01,27.67,27.01,27.59,5300,27.59
2011-10-13,26.860001,26.860001,26.65,26.84,6100,26.84
2011-10-12,27.17,27.17,26.780001,26.780001,16300,26.780001
2011-10-11,26.879999,27.190001,26.35,27.190001,12500,27.190001
2011-10-10,27.200001,27.309999,27.110001,27.110001,3100,27.110001
2011-10-07,27.299999,27.299999,27.00,27.01,8700,27.01
2011-10-06,27.440001,27.690001,27.43,27.59,6300,27.59
2011-10-05,27.73,27.73,27.41,27.42,11000,27.42
2011-10-04,27.629999,27.879999,27.50,27.879999,51000,27.879999
2011-10-03,27.50,28.00,27.50,27.66,52900,27.66
2011-09-30,27.77,28.26,27.77,27.879999,18600,27.879999
2011-09-29,28.299999,28.610001,27.57,28.299999,23800,28.299999
2011-09-28,28.700001,28.700001,28.299999,28.360001,23900,28.360001
2011-09-27,29.00,29.01,28.610001,28.76,11900,28.76
2011-09-26,28.450001,28.77,28.450001,28.73,36100,28.73
2011-09-23,28.389999,28.450001,28.35,28.35,1600,28.35
2011-09-22,28.58,28.85,28.40,28.49,36200,28.49
2011-09-21,28.870001,28.99,28.82,28.82,9000,28.82
2011-09-20,29.120001,29.200001,29.08,29.08,1500,29.08
2011-09-19,29.129999,29.33,28.99,29.33,9200,29.33
2011-09-16,29.16,29.360001,29.040001,29.120001,4200,29.120001
2011-09-15,29.719999,29.719999,29.42,29.42,4400,29.42
2011-09-14,29.690001,30.15,29.67,30.059999,9700,30.059999
2011-09-13,29.540001,29.889999,29.50,29.690001,6700,29.690001
2011-09-12,29.10,29.299999,29.10,29.27,3700,29.27
2011-09-09,29.50,29.50,29.23,29.33,2800,29.33
2011-09-08,29.67,29.93,29.58,29.780001,18800,29.780001
2011-09-07,29.58,30.190001,29.50,29.620001,5200,29.620001
2011-09-06,29.49,29.74,29.24,29.66,11400,29.66
2011-09-02,30.040001,30.049999,29.209999,29.25,15900,29.25
2011-09-01,30.530001,30.620001,30.07,30.35,5000,30.35
2011-08-31,29.959999,30.440001,29.91,30.440001,8100,30.440001
2011-08-30,29.15,29.51,29.129999,29.51,4800,29.51
2011-08-29,29.559999,29.559999,29.10,29.129999,8600,29.129999
2011-08-26,29.549999,29.709999,29.549999,29.60,1500,29.60
2011-08-25,29.450001,29.610001,28.75,29.35,9200,29.35
2011-08-24,29.700001,31.870001,29.09,29.10,6300,29.10
2011-08-23,29.129999,29.84,29.129999,29.540001,10200,29.540001
2011-08-22,29.290001,29.32,29.200001,29.209999,4500,29.209999
2011-08-19,29.620001,29.879999,29.620001,29.74,9700,29.74
2011-08-18,29.700001,29.74,28.25,29.74,50000,29.74
2011-08-17,29.940001,30.049999,29.860001,29.93,7400,29.93
2011-08-16,30.18,30.18,29.85,29.940001,8800,29.940001
2011-08-15,29.969999,30.540001,29.969999,30.43,15900,30.43
2011-08-12,31.040001,31.040001,30.549999,30.620001,13700,30.620001
2011-08-11,30.219999,31.040001,30.110001,30.90,16600,30.90
2011-08-10,30.32,30.610001,30.200001,30.52,7200,30.52
2011-08-09,30.049999,30.389999,29.99,30.34,12100,30.34
2011-08-08,29.700001,30.10,29.700001,30.01,10500,30.01
2011-08-05,29.709999,30.049999,29.709999,30.01,10900,30.01
2011-08-04,30.58,30.58,29.620001,29.799999,20500,29.799999
2011-08-03,30.959999,31.040001,30.50,30.59,6800,30.59
2011-08-02,31.219999,31.219999,30.82,30.99,16100,30.99
2011-08-01,31.219999,31.26,30.959999,31.18,13800,31.18
2011-07-29,31.360001,31.360001,30.85,30.879999,7500,30.879999
2011-07-28,31.860001,31.860001,31.110001,31.360001,27300,31.360001
2011-07-27,32.09,32.09,31.809999,31.82,7900,31.82
